id,band,word,pinyin,official_entry,official_pinyin
hsk30-b4-0001,4,阿姨,āyí,阿姨,āyí
hsk30-b4-0002,4,啊,ā,啊,ā
hsk30-b4-0003,4,矮,ǎi,矮,ǎi
hsk30-b4-0004,4,矮小,ǎixiǎo,矮小,ǎixiǎo
hsk30-b4-0005,4,爱国,àiguó,爱国,àiguó
hsk30-b4-0006,4,爱护,àihù,爱护,àihù
hsk30-b4-0007,4,安,ān,安,ān
hsk30-b4-0008,4,安置,ānzhì,安置,ānzhì
hsk30-b4-0009,4,按时,ànshí,按时,ànshí
hsk30-b4-0010,4,暗,àn,暗,àn
hsk30-b4-0011,4,暗示,ànshì,暗示,ànshì
hsk30-b4-0012,4,巴士,bāshì,巴士,bāshì
hsk30-b4-0013,4,百货,bǎihuò,百货,bǎihuò
hsk30-b4-0014,4,摆,bǎi,摆,bǎi
hsk30-b4-0015,4,摆动,bǎidòng,摆动,bǎidòng
hsk30-b4-0016,4,摆脱,bǎituō,摆脱,bǎituō
hsk30-b4-0017,4,败,bài,败,bài
hsk30-b4-0018,4,办事,bànshì,办事,bànshì
hsk30-b4-0019,4,包裹,bāoguǒ,包裹,bāoguǒ
hsk30-b4-0020,4,包含,bāohán,包含,bāohán
hsk30-b4-0021,4,包括,bāokuò,包括,bāokuò
hsk30-b4-0022,4,薄,báo,薄,báo
hsk30-b4-0023,4,宝,bǎo,宝,bǎo
hsk30-b4-0024,4,宝宝,bǎobao,宝宝,bǎobao
hsk30-b4-0025,4,宝贝,bǎobèi,宝贝,bǎobèi
hsk30-b4-0026,4,宝贵,bǎoguì,宝贵,bǎoguì
hsk30-b4-0027,4,宝石,bǎoshí,宝石,bǎoshí
hsk30-b4-0028,4,保密,bǎomì,保密,bǎomì
hsk30-b4-0029,4,保守,bǎoshǒu,保守,bǎoshǒu
hsk30-b4-0030,4,抱,bào,抱,bào
hsk30-b4-0031,4,背景,bèijǐng,背景,bèijǐng
hsk30-b4-0032,4,倍,bèi,倍,bèi
hsk30-b4-0033,4,被迫,bèipò,被迫,bèipò
hsk30-b4-0034,4,本科,běnkē,本科,běnkē
hsk30-b4-0035,4,笨,bèn,笨,bèn
hsk30-b4-0036,4,比分,bǐfēn,比分,bǐfēn
hsk30-b4-0037,4,毕业,bìyè,毕业,bìyè
hsk30-b4-0038,4,毕业生,bìyèshēng,毕业生,bìyèshēng
hsk30-b4-0039,4,避,bì,避,bì
hsk30-b4-0040,4,避免,bìmiǎn,避免,bìmiǎn
hsk30-b4-0041,4,编,biān,编,biān
hsk30-b4-0042,4,辩论,biànlùn,辩论,biànlùn
hsk30-b4-0043,4,标志,biāozhì,标志,biāozhì
hsk30-b4-0044,4,表情,biǎoqíng,表情,biǎoqíng
hsk30-b4-0045,4,表扬,biǎoyáng,表扬,biǎoyáng
hsk30-b4-0046,4,别,bié,别,bié
hsk30-b4-0047,4,冰,bīng,冰,bīng
hsk30-b4-0048,4,冰箱,bīngxiāng,冰箱,bīngxiāng
hsk30-b4-0049,4,冰雪,bīngxuě,冰雪,bīngxuě
hsk30-b4-0050,4,兵,bīng,兵,bīng
hsk30-b4-0051,4,并,bìng,并,bìng
hsk30-b4-0052,4,不要紧,bùyàojǐn,不要紧,bùyàojǐn
hsk30-b4-0053,4,不在乎,bùzàihu,不在乎,bùzàihu
hsk30-b4-0054,4,不管,bùguǎn,不管,bùguǎn
hsk30-b4-0055,4,不然,bùrán,不然,bùrán
hsk30-b4-0056,4,布置,bùzhì,布置,bùzhì
hsk30-b4-0057,4,步行,bùxíng,步行,bùxíng
hsk30-b4-0058,4,擦,cā,擦,cā
hsk30-b4-0059,4,才,cái,才,cái
hsk30-b4-0060,4,材料,cáiliào,材料,cáiliào
hsk30-b4-0061,4,财产,cáichǎn,财产,cáichǎn
hsk30-b4-0062,4,财富,cáifù,财富,cáifù
hsk30-b4-0063,4,采访,cǎifǎng,采访,cǎifǎng
hsk30-b4-0064,4,参考,cānkǎo,参考,cānkǎo
hsk30-b4-0065,4,参与,cānyù,参与,cānyù
hsk30-b4-0066,4,操场,cāochǎng,操场,cāochǎng
hsk30-b4-0067,4,操作,cāozuò,操作,cāozuò
hsk30-b4-0068,4,测,cè,测,cè
hsk30-b4-0069,4,测量,cèliáng,测量,cèliáng
hsk30-b4-0070,4,测试,cèshì,测试,cèshì
hsk30-b4-0071,4,曾,céng,曾,céng
hsk30-b4-0072,4,茶叶,cháyè,茶叶,cháyè
hsk30-b4-0073,4,产品,chǎnpǐn,产品,chǎnpǐn
hsk30-b4-0074,4,长途,chángtú,长途,chángtú
hsk30-b4-0075,4,常识,chángshí,常识,chángshí
hsk30-b4-0076,4,唱片,chàngpiàn,唱片,chàngpiàn
hsk30-b4-0077,4,抄,chāo,抄,chāo
hsk30-b4-0078,4,抄写,chāoxiě,抄写,chāoxiě
hsk30-b4-0079,4,潮,cháo,潮,cháo
hsk30-b4-0080,4,潮流,cháoliú,潮流,cháoliú
hsk30-b4-0081,4,潮湿,cháoshī,潮湿,cháoshī
hsk30-b4-0082,4,彻底,chèdǐ,彻底,chèdǐ
hsk30-b4-0083,4,沉,chén,沉,chén
hsk30-b4-0084,4,沉默,chénmò,沉默,chénmò
hsk30-b4-0085,4,沉重,chénzhòng,沉重,chénzhòng
hsk30-b4-0086,4,称赞,chēngzàn,称赞,chēngzàn
hsk30-b4-0087,4,成人,chéngrén,成人,chéngrén
hsk30-b4-0088,4,诚实,chéngshí,诚实,chéngshí
hsk30-b4-0089,4,诚信,chéngxìn,诚信,chéngxìn
hsk30-b4-0090,4,承担,chéngdān,承担,chéngdān
hsk30-b4-0091,4,承认,chéngrèn,承认,chéngrèn
hsk30-b4-0092,4,承受,chéngshòu,承受,chéngshòu
hsk30-b4-0093,4,程序,chéngxù,程序,chéngxù
hsk30-b4-0094,4,吃惊,chījīng,吃惊,chījīng
hsk30-b4-0095,4,迟到,chídào,迟到,chídào
hsk30-b4-0096,4,尺,chǐ,尺,chǐ
hsk30-b4-0097,4,尺寸,chǐcùn,尺寸,chǐcùn
hsk30-b4-0098,4,尺子,chǐzi,尺子,chǐzi
hsk30-b4-0099,4,冲,chōng,冲,chōng
hsk30-b4-0100,4,充电,chōngdiàn,充电,chōngdiàn
hsk30-b4-0101,4,充电器,chōngdiànqì,充电器,chōngdiànqì
hsk30-b4-0102,4,充分,chōngfèn,充分,chōngfèn
hsk30-b4-0103,4,虫子,chóngzi,虫子,chóngzi
hsk30-b4-0104,4,抽,chōu,抽,chōu
hsk30-b4-0105,4,抽奖,chōujiǎng,抽奖,chōujiǎng
hsk30-b4-0106,4,抽烟,chōuyān,抽烟,chōuyān
hsk30-b4-0107,4,出口,chūkǒu,出口,chūkǒu
hsk30-b4-0108,4,出色,chūsè,出色,chūsè
hsk30-b4-0109,4,出售,chūshòu,出售,chūshòu
hsk30-b4-0110,4,出席,chūxí,出席,chūxí
hsk30-b4-0111,4,处于,chǔyú,处于,chǔyú
hsk30-b4-0112,4,处,chù,处,chù
hsk30-b4-0113,4,穿上,chuānshang,穿上,chuānshang
hsk30-b4-0114,4,传统,chuántǒng,传统,chuántǒng
hsk30-b4-0115,4,窗户,chuānghu,窗户,chuānghu
hsk30-b4-0116,4,窗台,chuāngtái,窗台,chuāngtái
hsk30-b4-0117,4,窗子,chuāngzi,窗子,chuāngzi
hsk30-b4-0118,4,春季,chūnjì,春季,chūnjì
hsk30-b4-0119,4,纯,chún,纯,chún
hsk30-b4-0120,4,纯净水,chúnjìngshuǐ,纯净水,chúnjìngshuǐ
hsk30-b4-0121,4,词汇,cíhuì,词汇,cíhuì
hsk30-b4-0122,4,此,cǐ,此,cǐ
hsk30-b4-0123,4,此外,cǐwài,此外,cǐwài
hsk30-b4-0124,4,次,cì,次,cì
hsk30-b4-0125,4,刺,cì,刺,cì
hsk30-b4-0126,4,刺激,cìjī,刺激,cìjī
hsk30-b4-0127,4,从此,cóngcǐ,从此,cóngcǐ
hsk30-b4-0128,4,粗,cū,粗,cū
hsk30-b4-0129,4,粗心,cūxīn,粗心,cūxīn
hsk30-b4-0130,4,促进,cùjìn,促进,cùjìn
hsk30-b4-0131,4,促使,cùshǐ,促使,cùshǐ
hsk30-b4-0132,4,促销,cùxiāo,促销,cùxiāo
hsk30-b4-0133,4,措施,cuòshī,措施,cuòshī
hsk30-b4-0134,4,打,dá,打,dá
hsk30-b4-0135,4,答案,dá'àn,答案,dá'àn
hsk30-b4-0136,4,打败,dǎbài,打败,dǎbài
hsk30-b4-0137,4,打雷,dǎléi,打雷,dǎléi
hsk30-b4-0138,4,打扫,dǎsǎo,打扫,dǎsǎo
hsk30-b4-0139,4,打折,dǎzhé,打折,dǎzhé
hsk30-b4-0140,4,打针,dǎzhēn,打针,dǎzhēn
hsk30-b4-0141,4,大巴,dàbā,大巴,dàbā
hsk30-b4-0142,4,大多,dàduō,大多,dàduō
hsk30-b4-0143,4,大方,dàfang,大方,dàfang
hsk30-b4-0144,4,大哥,dàgē,大哥,dàgē
hsk30-b4-0145,4,大规模,dà guīmó,大规模,dà guīmó
hsk30-b4-0146,4,大会,dàhuì,大会,dàhuì
hsk30-b4-0147,4,大姐,dàjiě,大姐,dàjiě
hsk30-b4-0148,4,大楼,dà lóu,大楼,dà lóu
hsk30-b4-0149,4,大陆,dàlù,大陆,dàlù
hsk30-b4-0150,4,大妈,dàmā,大妈,dàmā
hsk30-b4-0151,4,大型,dàxíng,大型,dàxíng
hsk30-b4-0152,4,大爷,dàye,大爷,dàye
hsk30-b4-0153,4,大众,dàzhòng,大众,dàzhòng
hsk30-b4-0154,4,代替,dàitì,代替,dàitì
hsk30-b4-0155,4,待遇,dàiyù,待遇,dàiyù
hsk30-b4-0156,4,袋,dài,袋,dài
hsk30-b4-0157,4,戴,dài,戴,dài
hsk30-b4-0158,4,担保,dānbǎo,担保,dānbǎo
hsk30-b4-0159,4,担任,dānrèn,担任,dānrèn
hsk30-b4-0160,4,担心,dānxīn,担心,dānxīn
hsk30-b4-0161,4,单,dān,单,dān
hsk30-b4-0162,4,单纯,dānchún,单纯,dānchún
hsk30-b4-0163,4,单调,dāndiào,单调,dāndiào
hsk30-b4-0164,4,单独,dāndú,单独,dāndú
hsk30-b4-0165,4,淡,dàn,淡,dàn
hsk30-b4-0166,4,导游,dǎoyóu,导游,dǎoyóu
hsk30-b4-0167,4,导致,dǎozhì,导致,dǎozhì
hsk30-b4-0168,4,倒闭,dǎobì,倒闭,dǎobì
hsk30-b4-0169,4,倒车,dǎochē,倒车,dǎochē
hsk30-b4-0170,4,倒车,dàochē,倒车,dàochē
hsk30-b4-0171,4,得意,déyì,得意,déyì
hsk30-b4-0172,4,得,děi,得,děi
hsk30-b4-0173,4,灯光,dēngguāng,灯光,dēngguāng
hsk30-b4-0174,4,登,dēng,登,dēng
hsk30-b4-0175,4,登记,dēngjì,登记,dēngjì
hsk30-b4-0176,4,登录,dēnglù,登录,dēnglù
hsk30-b4-0177,4,登山,dēngshān,登山,dēngshān
hsk30-b4-0178,4,的确,díquè,的确,díquè
hsk30-b4-0179,4,敌人,dírén,敌人,dírén
hsk30-b4-0180,4,底,dǐ,底,dǐ
hsk30-b4-0181,4,地方,dìfāng,地方,dìfāng
hsk30-b4-0182,4,地面,dìmiàn,地面,dìmiàn
hsk30-b4-0183,4,地位,dìwèi,地位,dìwèi
hsk30-b4-0184,4,地下,dìxià,地下,dìxià
hsk30-b4-0185,4,地址,dìzhǐ,地址,dìzhǐ
hsk30-b4-0186,4,典型,diǎnxíng,典型,diǎnxíng
hsk30-b4-0187,4,点名,diǎnmíng,点名,diǎnmíng
hsk30-b4-0188,4,电灯,diàndēng,电灯,diàndēng
hsk30-b4-0189,4,电动车,diàndòngchē,电动车,diàndòngchē
hsk30-b4-0190,4,电梯,diàntī,电梯,diàntī
hsk30-b4-0191,4,电源,diànyuán,电源,diànyuán
hsk30-b4-0192,4,顶,dǐng,顶,dǐng
hsk30-b4-0193,4,定,dìng,定,dìng
hsk30-b4-0194,4,冬季,dōngjì,冬季,dōngjì
hsk30-b4-0195,4,动画片,dònghuàpiàn,动画片,dònghuàpiàn
hsk30-b4-0196,4,动摇,dòngyáo,动摇,dòngyáo
hsk30-b4-0197,4,豆腐,dòufu,豆腐,dòufu
hsk30-b4-0198,4,独立,dúlì,独立,dúlì
hsk30-b4-0199,4,独特,dútè,独特,dútè
hsk30-b4-0200,4,独自,dúzì,独自,dúzì
hsk30-b4-0201,4,堵,dǔ,堵,dǔ
hsk30-b4-0202,4,堵车,dǔchē,堵车,dǔchē
hsk30-b4-0203,4,肚子,dùzi,肚子,dùzi
hsk30-b4-0204,4,度过,dùguò,度过,dùguò
hsk30-b4-0205,4,锻炼,duànliàn,锻炼,duànliàn
hsk30-b4-0206,4,对比,duìbǐ,对比,duìbǐ
hsk30-b4-0207,4,对付,duìfu,对付,duìfu
hsk30-b4-0208,4,对于,duìyú,对于,duìyú
hsk30-b4-0209,4,多次,duō cì,多次,duō cì
hsk30-b4-0210,4,多年,duō nián,多年,duō nián
hsk30-b4-0211,4,多样,duōyàng,多样,duōyàng
hsk30-b4-0212,4,多种,duō zhǒng,多种,duō zhǒng
hsk30-b4-0213,4,恶心,ěxin,恶心,ěxin
hsk30-b4-0214,4,儿童,értóng,儿童,értóng
hsk30-b4-0215,4,而,ér,而,ér
hsk30-b4-0216,4,而是,ér shì,而是,ér shì
hsk30-b4-0217,4,耳机,ěrjī,耳机,ěrjī
hsk30-b4-0218,4,二手,èrshǒu,二手,èrshǒu
hsk30-b4-0219,4,发挥,fāhuī,发挥,fāhuī
hsk30-b4-0220,4,发票,fāpiào,发票,fāpiào
hsk30-b4-0221,4,发烧,fāshāo,发烧,fāshāo
hsk30-b4-0222,4,法,fǎ,法,fǎ
hsk30-b4-0223,4,法官,fǎguān,法官,fǎguān
hsk30-b4-0224,4,法律,fǎlǜ,法律,fǎlǜ
hsk30-b4-0225,4,法院,fǎyuàn,法院,fǎyuàn
hsk30-b4-0226,4,翻,fān,翻,fān
hsk30-b4-0227,4,翻译,fānyì,翻译,fānyì
hsk30-b4-0228,4,烦,fán,烦,fán
hsk30-b4-0229,4,反,fǎn,反,fǎn
hsk30-b4-0230,4,反而,fǎn'ér,反而,fǎn'ér
hsk30-b4-0231,4,反映,fǎnyìng,反映,fǎnyìng
hsk30-b4-0232,4,方,fāng,方,fāng
hsk30-b4-0233,4,方案,fāng'àn,方案,fāng'àn
hsk30-b4-0234,4,方针,fāngzhēn,方针,fāngzhēn
hsk30-b4-0235,4,放松,fàngsōng,放松,fàngsōng
hsk30-b4-0236,4,非,fēi,非,fēi
hsk30-b4-0237,4,肥,féi,肥,féi
hsk30-b4-0238,4,分布,fēnbù,分布,fēnbù
hsk30-b4-0239,4,分散,fēnsàn,分散,fēnsàn
hsk30-b4-0240,4,分手,fēnshǒu,分手,fēnshǒu
hsk30-b4-0241,4,分为,fēnwéi,分为,fēnwéi
hsk30-b4-0242,4,…分之…,…fēn zhī…,…分之…,…fēn zhī…
hsk30-b4-0243,4,纷纷,fēnfēn,纷纷,fēnfēn
hsk30-b4-0244,4,奋斗,fèndòu,奋斗,fèndòu
hsk30-b4-0245,4,风格,fēnggé,风格,fēnggé
hsk30-b4-0246,4,风景,fēngjǐng,风景,fēngjǐng
hsk30-b4-0247,4,风俗,fēngsú,风俗,fēngsú
hsk30-b4-0248,4,封闭,fēngbì,封闭,fēngbì
hsk30-b4-0249,4,否则,fǒuzé,否则,fǒuzé
hsk30-b4-0250,4,夫妇,fūfù,夫妇,fūfù
hsk30-b4-0251,4,夫妻,fūqī,夫妻,fūqī
hsk30-b4-0252,4,夫人,fūrén,夫人,fūrén
hsk30-b4-0253,4,符号,fúhào,符号,fúhào
hsk30-b4-0254,4,符合,fúhé,符合,fúhé
hsk30-b4-0255,4,付出,fùchū,付出,fùchū
hsk30-b4-0256,4,负担,fùdān,负担,fùdān
hsk30-b4-0257,4,附近,fùjìn,附近,fùjìn
hsk30-b4-0258,4,复制,fùzhì,复制,fùzhì
hsk30-b4-0259,4,改善,gǎishàn,改善,gǎishàn
hsk30-b4-0260,4,改正,gǎizhèng,改正,gǎizhèng
hsk30-b4-0261,4,盖,gài,盖,gài
hsk30-b4-0262,4,概括,gàikuò,概括,gàikuò
hsk30-b4-0263,4,感兴趣,gǎn xìngqù,感兴趣,gǎn xìngqù
hsk30-b4-0264,4,高潮,gāocháo,高潮,gāocháo
hsk30-b4-0265,4,高价,gāojià,高价,gāojià
hsk30-b4-0266,4,高尚,gāoshàng,高尚,gāoshàng
hsk30-b4-0267,4,高铁,gāotiě,高铁,gāotiě
hsk30-b4-0268,4,格外,géwài,格外,géwài
hsk30-b4-0269,4,隔,gé,隔,gé
hsk30-b4-0270,4,隔开,gékāi,隔开,gékāi
hsk30-b4-0271,4,个别,gèbié,个别,gèbié
hsk30-b4-0272,4,个体,gètǐ,个体,gètǐ
hsk30-b4-0273,4,各个,gègè,各个,gègè
hsk30-b4-0274,4,根,gēn,根,gēn
hsk30-b4-0275,4,根据,gēnjù,根据,gēnjù
hsk30-b4-0276,4,工程,gōngchéng,工程,gōngchéng
hsk30-b4-0277,4,公元,gōngyuán,公元,gōngyuán
hsk30-b4-0278,4,供应,gōngyìng,供应,gōngyìng
hsk30-b4-0279,4,共,gòng,共,gòng
hsk30-b4-0280,4,构成,gòuchéng,构成,gòuchéng
hsk30-b4-0281,4,构造,gòuzào,构造,gòuzào
hsk30-b4-0282,4,购买,gòumǎi,购买,gòumǎi
hsk30-b4-0283,4,购物,gòuwù,购物,gòuwù
hsk30-b4-0284,4,骨头,gǔtou,骨头,gǔtou
hsk30-b4-0285,4,固定,gùdìng,固定,gùdìng
hsk30-b4-0286,4,瓜,guā,瓜,guā
hsk30-b4-0287,4,怪,guài,怪,guài
hsk30-b4-0288,4,关,guān,关,guān
hsk30-b4-0289,4,关闭,guānbì,关闭,guānbì
hsk30-b4-0290,4,关于,guānyú,关于,guānyú
hsk30-b4-0291,4,官,guān,官,guān
hsk30-b4-0292,4,官方,guānfāng,官方,guānfāng
hsk30-b4-0293,4,光临,guānglín,光临,guānglín
hsk30-b4-0294,4,光盘,guāngpán,光盘,guāngpán
hsk30-b4-0295,4,逛,guàng,逛,guàng
hsk30-b4-0296,4,归,guī,归,guī
hsk30-b4-0297,4,规律,guīlǜ,规律,guīlǜ
hsk30-b4-0298,4,规模,guīmó,规模,guīmó
hsk30-b4-0299,4,规则,guīzé,规则,guīzé
hsk30-b4-0300,4,果实,guǒshí,果实,guǒshí
hsk30-b4-0301,4,过分,guòfèn,过分,guòfèn
hsk30-b4-0302,4,海水,hǎishuǐ,海水,hǎishuǐ
hsk30-b4-0303,4,海鲜,hǎixiān,海鲜,hǎixiān
hsk30-b4-0304,4,含,hán,含,hán
hsk30-b4-0305,4,含量,hánliàng,含量,hánliàng
hsk30-b4-0306,4,含义,hányì,含义,hányì
hsk30-b4-0307,4,含有,hányǒu,含有,hányǒu
hsk30-b4-0308,4,寒假,hánjià,寒假,hánjià
hsk30-b4-0309,4,寒冷,hánlěng,寒冷,hánlěng
hsk30-b4-0310,4,行业,hángyè,行业,hángyè
hsk30-b4-0311,4,航班,hángbān,航班,hángbān
hsk30-b4-0312,4,航空,hángkōng,航空,hángkōng
hsk30-b4-0313,4,毫米,háomǐ,毫米,háomǐ
hsk30-b4-0314,4,毫升,háoshēng,毫升,háoshēng
hsk30-b4-0315,4,好友,hǎoyǒu,好友,hǎoyǒu
hsk30-b4-0316,4,号码,hàomǎ,号码,hàomǎ
hsk30-b4-0317,4,好,hào,好,hào
hsk30-b4-0318,4,合同,hétóng,合同,hétóng
hsk30-b4-0319,4,黑暗,hēi'àn,黑暗,hēi'àn
hsk30-b4-0320,4,红包,hóngbāo,红包,hóngbāo
hsk30-b4-0321,4,后头,hòutou,后头,hòutou
hsk30-b4-0322,4,厚,hòu,厚,hòu
hsk30-b4-0323,4,呼吸,hūxī,呼吸,hūxī
hsk30-b4-0324,4,忽视,hūshì,忽视,hūshì
hsk30-b4-0325,4,户,hù,户,hù
hsk30-b4-0326,4,护士,hùshi,护士,hùshi
hsk30-b4-0327,4,花,huā,花,huā
hsk30-b4-0328,4,划,huá,划,huá
hsk30-b4-0329,4,划,huà,划,huà
hsk30-b4-0330,4,怀念,huáiniàn,怀念,huáiniàn
hsk30-b4-0331,4,怀疑,huáiyí,怀疑,huáiyí
hsk30-b4-0332,4,缓解,huǎnjiě,缓解,huǎnjiě
hsk30-b4-0333,4,黄瓜,huángguā,黄瓜,huángguā
hsk30-b4-0334,4,黄金,huángjīn,黄金,huángjīn
hsk30-b4-0335,4,回复,huífù,回复,huífù
hsk30-b4-0336,4,汇,huì,汇,huì
hsk30-b4-0337,4,汇报,huìbào,汇报,huìbào
hsk30-b4-0338,4,汇率,huìlǜ,汇率,huìlǜ
hsk30-b4-0339,4,婚礼,hūnlǐ,婚礼,hūnlǐ
hsk30-b4-0340,4,火,huǒ,火,huǒ
hsk30-b4-0341,4,伙,huǒ,伙,huǒ
hsk30-b4-0342,4,伙伴,huǒbàn,伙伴,huǒbàn
hsk30-b4-0343,4,或许,huòxǔ,或许,huòxǔ
hsk30-b4-0344,4,货,huò,货,huò
hsk30-b4-0345,4,获,huò,获,huò
hsk30-b4-0346,4,获得,huòdé,获得,huòdé
hsk30-b4-0347,4,获奖,huòjiǎng,获奖,huòjiǎng
hsk30-b4-0348,4,获取,huòqǔ,获取,huòqǔ
hsk30-b4-0349,4,几乎,jīhū,几乎,jīhū
hsk30-b4-0350,4,机构,jīgòu,机构,jīgòu
hsk30-b4-0351,4,机遇,jīyù,机遇,jīyù
hsk30-b4-0352,4,积累,jīlěi,积累,jīlěi
hsk30-b4-0353,4,激动,jīdòng,激动,jīdòng
hsk30-b4-0354,4,激烈,jīliè,激烈,jīliè
hsk30-b4-0355,4,及格,jígé,及格,jígé
hsk30-b4-0356,4,极,jí,极,jí
hsk30-b4-0357,4,极其,jíqí,极其,jíqí
hsk30-b4-0358,4,即将,jíjiāng,即将,jíjiāng
hsk30-b4-0359,4,急忙,jímáng,急忙,jímáng
hsk30-b4-0360,4,集合,jíhé,集合,jíhé
hsk30-b4-0361,4,记载,jìzǎi,记载,jìzǎi
hsk30-b4-0362,4,纪律,jìlǜ,纪律,jìlǜ
hsk30-b4-0363,4,技巧,jìqiǎo,技巧,jìqiǎo
hsk30-b4-0364,4,系,jì,系,jì
hsk30-b4-0365,4,季,jì,季,jì
hsk30-b4-0366,4,季度,jìdù,季度,jìdù
hsk30-b4-0367,4,季节,jìjié,季节,jìjié
hsk30-b4-0368,4,既,jì,既,jì
hsk30-b4-0369,4,既然,jìrán,既然,jìrán
hsk30-b4-0370,4,寄,jì,寄,jì
hsk30-b4-0371,4,加班,jiābān,加班,jiābān
hsk30-b4-0372,4,加入,jiārù,加入,jiārù
hsk30-b4-0373,4,加油站,jiāyóuzhàn,加油站,jiāyóuzhàn
hsk30-b4-0374,4,家务,jiāwù,家务,jiāwù
hsk30-b4-0375,4,假如,jiǎrú,假如,jiǎrú
hsk30-b4-0376,4,坚固,jiāngù,坚固,jiāngù
hsk30-b4-0377,4,检测,jiǎncè,检测,jiǎncè
hsk30-b4-0378,4,减,jiǎn,减,jiǎn
hsk30-b4-0379,4,减肥,jiǎnféi,减肥,jiǎnféi
hsk30-b4-0380,4,减少,jiǎnshǎo,减少,jiǎnshǎo
hsk30-b4-0381,4,简历,jiǎnlì,简历,jiǎnlì
hsk30-b4-0382,4,健身,jiànshēn,健身,jiànshēn
hsk30-b4-0383,4,渐渐,jiànjiàn,渐渐,jiànjiàn
hsk30-b4-0384,4,江,jiāng,江,jiāng
hsk30-b4-0385,4,讲究,jiǎngjiu,讲究,jiǎngjiu
hsk30-b4-0386,4,讲座,jiǎngzuò,讲座,jiǎngzuò
hsk30-b4-0387,4,奖,jiǎng,奖,jiǎng
hsk30-b4-0388,4,奖金,jiǎngjīn,奖金,jiǎngjīn
hsk30-b4-0389,4,奖学金,jiǎngxuéjīn,奖学金,jiǎngxuéjīn
hsk30-b4-0390,4,降,jiàng,降,jiàng
hsk30-b4-0391,4,降低,jiàngdī,降低,jiàngdī
hsk30-b4-0392,4,降价,jiàngjià,降价,jiàngjià
hsk30-b4-0393,4,降落,jiàngluò,降落,jiàngluò
hsk30-b4-0394,4,降温,jiàngwēn,降温,jiàngwēn
hsk30-b4-0395,4,交换,jiāohuàn,交换,jiāohuàn
hsk30-b4-0396,4,交际,jiāojì,交际,jiāojì
hsk30-b4-0397,4,教授,jiàoshòu,教授,jiàoshòu
hsk30-b4-0398,4,教训,jiàoxùn,教训,jiàoxùn
hsk30-b4-0399,4,阶段,jiēduàn,阶段,jiēduàn
hsk30-b4-0400,4,街道,jiēdào,街道,jiēdào
hsk30-b4-0401,4,节省,jiéshěng,节省,jiéshěng
hsk30-b4-0402,4,结,jié,结,jié
hsk30-b4-0403,4,结构,jiégòu,结构,jiégòu
hsk30-b4-0404,4,结论,jiélùn,结论,jiélùn
hsk30-b4-0405,4,姐妹,jiěmèi,姐妹,jiěmèi
hsk30-b4-0406,4,解释,jiěshì,解释,jiěshì
hsk30-b4-0407,4,尽快,jǐnkuài,尽快,jǐnkuài
hsk30-b4-0408,4,紧密,jǐnmì,紧密,jǐnmì
hsk30-b4-0409,4,尽力,jìnlì,尽力,jìnlì
hsk30-b4-0410,4,进口,jìnkǒu,进口,jìnkǒu
hsk30-b4-0411,4,近代,jìndài,近代,jìndài
hsk30-b4-0412,4,禁止,jìnzhǐ,禁止,jìnzhǐ
hsk30-b4-0413,4,经典,jīngdiǎn,经典,jīngdiǎn
hsk30-b4-0414,4,精力,jīnglì,精力,jīnglì
hsk30-b4-0415,4,竟然,jìngrán,竟然,jìngrán
hsk30-b4-0416,4,镜头,jìngtóu,镜头,jìngtóu
hsk30-b4-0417,4,镜子,jìngzi,镜子,jìngzi
hsk30-b4-0418,4,究竟,jiūjìng,究竟,jiūjìng
hsk30-b4-0419,4,酒吧,jiǔbā,酒吧,jiǔbā
hsk30-b4-0420,4,居民,jūmín,居民,jūmín
hsk30-b4-0421,4,居住,jūzhù,居住,jūzhù
hsk30-b4-0422,4,局,jú,局,jú
hsk30-b4-0423,4,巨大,jùdà,巨大,jùdà
hsk30-b4-0424,4,具备,jùbèi,具备,jùbèi
hsk30-b4-0425,4,距离,jùlí,距离,jùlí
hsk30-b4-0426,4,聚,jù,聚,jù
hsk30-b4-0427,4,聚会,jùhuì,聚会,jùhuì
hsk30-b4-0428,4,卷,juǎn,卷,juǎn
hsk30-b4-0429,4,卷,juàn,卷,juàn
hsk30-b4-0430,4,角色,juésè,角色,juésè
hsk30-b4-0431,4,开花,kāihuā,开花,kāihuā
hsk30-b4-0432,4,开水,kāishuǐ,开水,kāishuǐ
hsk30-b4-0433,4,看不起,kànbuqǐ,看不起,kànbuqǐ
hsk30-b4-0434,4,看来,kànlái,看来,kànlái
hsk30-b4-0435,4,看望,kànwàng,看望,kànwàng
hsk30-b4-0436,4,考察,kǎochá,考察,kǎochá
hsk30-b4-0437,4,考虑,kǎolǜ,考虑,kǎolǜ
hsk30-b4-0438,4,棵,kē,棵,kē
hsk30-b4-0439,4,可见,kějiàn,可见,kějiàn
hsk30-b4-0440,4,空间,kōngjiān,空间,kōngjiān
hsk30-b4-0441,4,空,kòng,空,kòng
hsk30-b4-0442,4,口袋,kǒudai,口袋,kǒudai
hsk30-b4-0443,4,口语,kǒuyǔ,口语,kǒuyǔ
hsk30-b4-0444,4,苦,kǔ,苦,kǔ
hsk30-b4-0445,4,会计,kuàijì,会计,kuàijì
hsk30-b4-0446,4,快递,kuàidì,快递,kuàidì
hsk30-b4-0447,4,宽,kuān,宽,kuān
hsk30-b4-0448,4,宽广,kuānguǎng,宽广,kuānguǎng
hsk30-b4-0449,4,矿泉水,kuàngquánshuǐ,矿泉水,kuàngquánshuǐ
hsk30-b4-0450,4,扩大,kuòdà,扩大,kuòdà
hsk30-b4-0451,4,扩展,kuòzhǎn,扩展,kuòzhǎn
hsk30-b4-0452,4,括号,kuòhào,括号,kuòhào
hsk30-b4-0453,4,垃圾,lājī,垃圾,lājī
hsk30-b4-0454,4,拉开,lākāi,拉开,lākāi
hsk30-b4-0455,4,辣,là,辣,là
hsk30-b4-0456,4,来不及,láibují,来不及,láibují
hsk30-b4-0457,4,来得及,láidejí,来得及,láidejí
hsk30-b4-0458,4,来源,láiyuán,来源,láiyuán
hsk30-b4-0459,4,老公,lǎogōng,老公,lǎogōng
hsk30-b4-0460,4,老家,lǎojiā,老家,lǎojiā
hsk30-b4-0461,4,老婆,lǎopo,老婆,lǎopo
hsk30-b4-0462,4,老实,lǎoshi,老实,lǎoshi
hsk30-b4-0463,4,乐趣,lèqù,乐趣,lèqù
hsk30-b4-0464,4,泪,lèi,泪,lèi
hsk30-b4-0465,4,泪水,lèishuǐ,泪水,lèishuǐ
hsk30-b4-0466,4,类型,lèixíng,类型,lèixíng
hsk30-b4-0467,4,冷静,lěngjìng,冷静,lěngjìng
hsk30-b4-0468,4,厘米,límǐ,厘米,límǐ
hsk30-b4-0469,4,离不开,lí bu kāi,离不开,lí bu kāi
hsk30-b4-0470,4,力气,lìqi,力气,lìqi
hsk30-b4-0471,4,历史,lìshǐ,历史,lìshǐ
hsk30-b4-0472,4,立即,lìjí,立即,lìjí
hsk30-b4-0473,4,利息,lìxī,利息,lìxī
hsk30-b4-0474,4,利益,lìyì,利益,lìyì
hsk30-b4-0475,4,俩,liǎ,俩,liǎ
hsk30-b4-0476,4,良好,liánghǎo,良好,liánghǎo
hsk30-b4-0477,4,量,liáng,量,liáng
hsk30-b4-0478,4,粮食,liángshi,粮食,liángshi
hsk30-b4-0479,4,两边,liǎngbiān,两边,liǎngbiān
hsk30-b4-0480,4,疗养,liáoyǎng,疗养,liáoyǎng
hsk30-b4-0481,4,了不起,liǎobuqǐ,了不起,liǎobuqǐ
hsk30-b4-0482,4,了解,liǎojiě,了解,liǎojiě
hsk30-b4-0483,4,列,liè,列,liè
hsk30-b4-0484,4,列车,lièchē,列车,lièchē
hsk30-b4-0485,4,列入,lièrù,列入,lièrù
hsk30-b4-0486,4,列为,lièwéi,列为,lièwéi
hsk30-b4-0487,4,临时,línshí,临时,línshí
hsk30-b4-0488,4,零食,língshí,零食,língshí
hsk30-b4-0489,4,流传,liúchuán,流传,liúchuán
hsk30-b4-0490,4,楼梯,lóutī,楼梯,lóutī
hsk30-b4-0491,4,陆地,lùdì,陆地,lùdì
hsk30-b4-0492,4,陆续,lùxù,陆续,lùxù
hsk30-b4-0493,4,录取,lùqǔ,录取,lùqǔ
hsk30-b4-0494,4,律师,lǜshī,律师,lǜshī
hsk30-b4-0495,4,轮,lún,轮,lún
hsk30-b4-0496,4,轮船,lúnchuán,轮船,lúnchuán
hsk30-b4-0497,4,轮椅,lúnyǐ,轮椅,lúnyǐ
hsk30-b4-0498,4,轮子,lúnzi,轮子,lúnzi
hsk30-b4-0499,4,论文,lùnwén,论文,lùnwén
hsk30-b4-0500,4,落,luò,落,luò
hsk30-b4-0501,4,毛巾,máojīn,毛巾,máojīn
hsk30-b4-0502,4,毛衣,máoyī,毛衣,máoyī
hsk30-b4-0503,4,帽子,màozi,帽子,màozi
hsk30-b4-0504,4,没错,méi cuò,没错,méi cuò
hsk30-b4-0505,4,没法儿,méifǎr,没法儿,méifǎr
hsk30-b4-0506,4,没想到,méi xiǎngdào,没想到,méi xiǎngdào
hsk30-b4-0507,4,美金,měijīn,美金,měijīn
hsk30-b4-0508,4,美女,měinǚ,美女,měinǚ
hsk30-b4-0509,4,梦,mèng,梦,mèng
hsk30-b4-0510,4,梦见,mèngjiàn,梦见,mèngjiàn
hsk30-b4-0511,4,梦想,mèngxiǎng,梦想,mèngxiǎng
hsk30-b4-0512,4,秘密,mìmì,秘密,mìmì
hsk30-b4-0513,4,秘书,mìshū,秘书,mìshū
hsk30-b4-0514,4,密,mì,密,mì
hsk30-b4-0515,4,密码,mìmǎ,密码,mìmǎ
hsk30-b4-0516,4,密切,mìqiè,密切,mìqiè
hsk30-b4-0517,4,免费,miǎnfèi,免费,miǎnfèi
hsk30-b4-0518,4,面临,miànlín,面临,miànlín
hsk30-b4-0519,4,面试,miànshì,面试,miànshì
hsk30-b4-0520,4,描述,miáoshù,描述,miáoshù
hsk30-b4-0521,4,描写,miáoxiě,描写,miáoxiě
hsk30-b4-0522,4,名牌儿,míngpáir,名牌儿,míngpáir
hsk30-b4-0523,4,名片,míngpiàn,名片,míngpiàn
hsk30-b4-0524,4,名人,míngrén,名人,míngrén
hsk30-b4-0525,4,摸,mō,摸,mō
hsk30-b4-0526,4,模特儿,mótèr,模特儿,mótèr
hsk30-b4-0527,4,模型,móxíng,模型,móxíng
hsk30-b4-0528,4,末,mò,末,mò
hsk30-b4-0529,4,默默,mòmò,默默,mòmò
hsk30-b4-0530,4,哪怕,nǎpà,哪怕,nǎpà
hsk30-b4-0531,4,哪,na,哪,na
hsk30-b4-0532,4,男女,nánnǚ,男女,nánnǚ
hsk30-b4-0533,4,男士,nánshì,男士,nánshì
hsk30-b4-0534,4,难免,nánmiǎn,难免,nánmiǎn
hsk30-b4-0535,4,脑袋,nǎodai,脑袋,nǎodai
hsk30-b4-0536,4,闹,nào,闹,nào
hsk30-b4-0537,4,闹钟,nàozhōng,闹钟,nàozhōng
hsk30-b4-0538,4,内部,nèibù,内部,nèibù
hsk30-b4-0539,4,内科,nèikē,内科,nèikē
hsk30-b4-0540,4,能干,nénggàn,能干,nénggàn
hsk30-b4-0541,4,宁静,níngjìng,宁静,níngjìng
hsk30-b4-0542,4,浓,nóng,浓,nóng
hsk30-b4-0543,4,女士,nǚshì,女士,nǚshì
hsk30-b4-0544,4,暖气,nuǎnqì,暖气,nuǎnqì
hsk30-b4-0545,4,拍照,pāizhào,拍照,pāizhào
hsk30-b4-0546,4,排列,páiliè,排列,páiliè
hsk30-b4-0547,4,牌,pái,牌,pái
hsk30-b4-0548,4,盘,pán,盘,pán
hsk30-b4-0549,4,盘子,pánzi,盘子,pánzi
hsk30-b4-0550,4,胖子,pàngzi,胖子,pàngzi
hsk30-b4-0551,4,培训,péixùn,培训,péixùn
hsk30-b4-0552,4,培训班,péixùnbān,培训班,péixùnbān
hsk30-b4-0553,4,培养,péiyǎng,培养,péiyǎng
hsk30-b4-0554,4,培育,péiyù,培育,péiyù
hsk30-b4-0555,4,批,pī,批,pī
hsk30-b4-0556,4,批,pī,批,pī
hsk30-b4-0557,4,片面,piànmiàn,片面,piànmiàn
hsk30-b4-0558,4,品质,pǐnzhì,品质,pǐnzhì
hsk30-b4-0559,4,平方,píngfāng,平方,píngfāng
hsk30-b4-0560,4,平静,píngjìng,平静,píngjìng
hsk30-b4-0561,4,平均,píngjūn,平均,píngjūn
hsk30-b4-0562,4,平稳,píngwěn,平稳,píngwěn
hsk30-b4-0563,4,迫切,pòqiè,迫切,pòqiè
hsk30-b4-0564,4,破产,pòchǎn,破产,pòchǎn
hsk30-b4-0565,4,妻子,qīzi,妻子,qīzi
hsk30-b4-0566,4,期待,qīdài,期待,qīdài
hsk30-b4-0567,4,期间,qījiān,期间,qījiān
hsk30-b4-0568,4,期末,qīmò,期末,qīmò
hsk30-b4-0569,4,期限,qīxiàn,期限,qīxiàn
hsk30-b4-0570,4,期中,qīzhōng,期中,qīzhōng
hsk30-b4-0571,4,其余,qíyú,其余,qíyú
hsk30-b4-0572,4,企业,qǐyè,企业,qǐyè
hsk30-b4-0573,4,气球,qìqiú,气球,qìqiú
hsk30-b4-0574,4,汽水,qìshuǐ,汽水,qìshuǐ
hsk30-b4-0575,4,汽油,qìyóu,汽油,qìyóu
hsk30-b4-0576,4,器官,qìguān,器官,qìguān
hsk30-b4-0577,4,前头,qiántou,前头,qiántou
hsk30-b4-0578,4,前途,qiántú,前途,qiántú
hsk30-b4-0579,4,浅,qiǎn,浅,qiǎn
hsk30-b4-0580,4,巧克力,qiǎokèlì,巧克力,qiǎokèlì
hsk30-b4-0581,4,切,qiē,切,qiē
hsk30-b4-0582,4,亲爱,qīn'ài,亲爱,qīn'ài
hsk30-b4-0583,4,亲密,qīnmì,亲密,qīnmì
hsk30-b4-0584,4,青春,qīngchūn,青春,qīngchūn
hsk30-b4-0585,4,轻松,qīngsōng,轻松,qīngsōng
hsk30-b4-0586,4,轻易,qīngyì,轻易,qīngyì
hsk30-b4-0587,4,清醒,qīngxǐng,清醒,qīngxǐng
hsk30-b4-0588,4,情景,qíngjǐng,情景,qíngjǐng
hsk30-b4-0589,4,穷,qióng,穷,qióng
hsk30-b4-0590,4,穷人,qióngrén,穷人,qióngrén
hsk30-b4-0591,4,秋季,qiūjì,秋季,qiūjì
hsk30-b4-0592,4,趋势,qūshì,趋势,qūshì
hsk30-b4-0593,4,圈,quān,圈,quān
hsk30-b4-0594,4,权利,quánlì,权利,quánlì
hsk30-b4-0595,4,却,què,却,què
hsk30-b4-0596,4,确认,quèrèn,确认,quèrèn
hsk30-b4-0597,4,然而,rán'ér,然而,rán'ér
hsk30-b4-0598,4,燃料,ránliào,燃料,ránliào
hsk30-b4-0599,4,燃烧,ránshāo,燃烧,ránshāo
hsk30-b4-0600,4,热闹,rènao,热闹,rènao
hsk30-b4-0601,4,热心,rèxīn,热心,rèxīn
hsk30-b4-0602,4,人家,rénjia,人家,rénjia
hsk30-b4-0603,4,日记,rìjì,日记,rìjì
hsk30-b4-0604,4,日历,rìlì,日历,rìlì
hsk30-b4-0605,4,如今,rújīn,如今,rújīn
hsk30-b4-0606,4,弱,ruò,弱,ruò
hsk30-b4-0607,4,伞,sǎn,伞,sǎn
hsk30-b4-0608,4,散,sàn,散,sàn
hsk30-b4-0609,4,扫,sǎo,扫,sǎo
hsk30-b4-0610,4,色,sè,色,sè
hsk30-b4-0611,4,色彩,sècǎi,色彩,sècǎi
hsk30-b4-0612,4,森林,sēnlín,森林,sēnlín
hsk30-b4-0613,4,晒,shài,晒,shài
hsk30-b4-0614,4,闪,shǎn,闪,shǎn
hsk30-b4-0615,4,闪电,shǎndiàn,闪电,shǎndiàn
hsk30-b4-0616,4,善良,shànliáng,善良,shànliáng
hsk30-b4-0617,4,善于,shànyú,善于,shànyú
hsk30-b4-0618,4,伤害,shānghài,伤害,shānghài
hsk30-b4-0619,4,商务,shāngwù,商务,shāngwù
hsk30-b4-0620,4,赏,shǎng,赏,shǎng
hsk30-b4-0621,4,上个月,shàng ge yuè,上个月,shàng ge yuè
hsk30-b4-0622,4,上楼,shàng lóu,上楼,shàng lóu
hsk30-b4-0623,4,上门,shàngmén,上门,shàngmén
hsk30-b4-0624,4,烧,shāo,烧,shāo
hsk30-b4-0625,4,设施,shèshī,设施,shèshī
hsk30-b4-0626,4,设置,shèzhì,设置,shèzhì
hsk30-b4-0627,4,申请,shēnqǐng,申请,shēnqǐng
hsk30-b4-0628,4,身材,shēncái,身材,shēncái
hsk30-b4-0629,4,身份,shēnfèn,身份,shēnfèn
hsk30-b4-0630,4,身高,shēngāo,身高,shēngāo
hsk30-b4-0631,4,深厚,shēnhòu,深厚,shēnhòu
hsk30-b4-0632,4,神话,shénhuà,神话,shénhuà
hsk30-b4-0633,4,神秘,shénmì,神秘,shénmì
hsk30-b4-0634,4,甚至,shènzhì,甚至,shènzhì
hsk30-b4-0635,4,失败,shībài,失败,shībài
hsk30-b4-0636,4,失望,shīwàng,失望,shīwàng
hsk30-b4-0637,4,失业,shīyè,失业,shīyè
hsk30-b4-0638,4,诗,shī,诗,shī
hsk30-b4-0639,4,诗人,shīrén,诗人,shīrén
hsk30-b4-0640,4,湿,shī,湿,shī
hsk30-b4-0641,4,实施,shíshī,实施,shíshī
hsk30-b4-0642,4,实用,shíyòng,实用,shíyòng
hsk30-b4-0643,4,食堂,shítáng,食堂,shítáng
hsk30-b4-0644,4,使劲,shǐjìn,使劲,shǐjìn
hsk30-b4-0645,4,士兵,shìbīng,士兵,shìbīng
hsk30-b4-0646,4,市区,shìqū,市区,shìqū
hsk30-b4-0647,4,似的,shìde,似的,shìde
hsk30-b4-0648,4,事物,shìwù,事物,shìwù
hsk30-b4-0649,4,事先,shìxiān,事先,shìxiān
hsk30-b4-0650,4,试卷,shìjuàn,试卷,shìjuàn
hsk30-b4-0651,4,是否,shìfǒu,是否,shìfǒu
hsk30-b4-0652,4,收回,shōuhuí,收回,shōuhuí
hsk30-b4-0653,4,收获,shōuhuò,收获,shōuhuò
hsk30-b4-0654,4,收益,shōuyì,收益,shōuyì
hsk30-b4-0655,4,手工,shǒugōng,手工,shǒugōng
hsk30-b4-0656,4,手里,shǒu li,手里,shǒu li
hsk30-b4-0657,4,手术,shǒushù,手术,shǒushù
hsk30-b4-0658,4,手套,shǒutào,手套,shǒutào
hsk30-b4-0659,4,守,shǒu,守,shǒu
hsk30-b4-0660,4,首,shǒu,首,shǒu
hsk30-b4-0661,4,受不了,shòubuliǎo,受不了,shòubuliǎo
hsk30-b4-0662,4,售货员,shòuhuòyuán,售货员,shòuhuòyuán
hsk30-b4-0663,4,叔叔,shūshu,叔叔,shūshu
hsk30-b4-0664,4,舒适,shūshì,舒适,shūshì
hsk30-b4-0665,4,熟练,shúliàn,熟练,shúliàn
hsk30-b4-0666,4,暑假,shǔjià,暑假,shǔjià
hsk30-b4-0667,4,树林,shùlín,树林,shùlín
hsk30-b4-0668,4,树叶,shùyè,树叶,shùyè
hsk30-b4-0669,4,数据,shùjù,数据,shùjù
hsk30-b4-0670,4,数码,shùmǎ,数码,shùmǎ
hsk30-b4-0671,4,刷,shuā,刷,shuā
hsk30-b4-0672,4,刷牙,shuā yá,刷牙,shuā yá
hsk30-b4-0673,4,刷子,shuāzi,刷子,shuāzi
hsk30-b4-0674,4,帅,shuài,帅,shuài
hsk30-b4-0675,4,帅哥,shuàigē,帅哥,shuàigē
hsk30-b4-0676,4,率先,shuàixiān,率先,shuàixiān
hsk30-b4-0677,4,睡着,shuìzháo,睡着,shuìzháo
hsk30-b4-0678,4,顺序,shùnxù,顺序,shùnxù
hsk30-b4-0679,4,说不定,shuōbudìng,说不定,shuōbudìng
hsk30-b4-0680,4,说服,shuōfú,说服,shuōfú
hsk30-b4-0681,4,思考,sīkǎo,思考,sīkǎo
hsk30-b4-0682,4,似乎,sìhū,似乎,sìhū
hsk30-b4-0683,4,松,sōng,松,sōng
hsk30-b4-0684,4,松树,sōngshù,松树,sōngshù
hsk30-b4-0685,4,塑料,sùliào,塑料,sùliào
hsk30-b4-0686,4,塑料袋,sùliàodài,塑料袋,sùliàodài
hsk30-b4-0687,4,酸,suān,酸,suān
hsk30-b4-0688,4,酸奶,suānnǎi,酸奶,suānnǎi
hsk30-b4-0689,4,随手,suíshǒu,随手,suíshǒu
hsk30-b4-0690,4,孙女,sūnnǚ,孙女,sūnnǚ
hsk30-b4-0691,4,孙子,sūnzi,孙子,sūnzi
hsk30-b4-0692,4,缩短,suōduǎn,缩短,suōduǎn
hsk30-b4-0693,4,缩小,suōxiǎo,缩小,suōxiǎo
hsk30-b4-0694,4,台阶,táijiē,台阶,táijiē
hsk30-b4-0695,4,台上,táishàng,台上,táishàng
hsk30-b4-0696,4,躺,tǎng,躺,tǎng
hsk30-b4-0697,4,套餐,tàocān,套餐,tàocān
hsk30-b4-0698,4,特价,tèjià,特价,tèjià
hsk30-b4-0699,4,特殊,tèshū,特殊,tèshū
hsk30-b4-0700,4,特征,tèzhēng,特征,tèzhēng
hsk30-b4-0701,4,提供,tígōng,提供,tígōng
hsk30-b4-0702,4,提醒,tíxǐng,提醒,tíxǐng
hsk30-b4-0703,4,体操,tǐcāo,体操,tǐcāo
hsk30-b4-0704,4,体检,tǐjiǎn,体检,tǐjiǎn
hsk30-b4-0705,4,体重,tǐzhòng,体重,tǐzhòng
hsk30-b4-0706,4,替,tì,替,tì
hsk30-b4-0707,4,替代,tìdài,替代,tìdài
hsk30-b4-0708,4,天真,tiānzhēn,天真,tiānzhēn
hsk30-b4-0709,4,填,tián,填,tián
hsk30-b4-0710,4,填空,tiánkòng,填空,tiánkòng
hsk30-b4-0711,4,挑,tiāo,挑,tiāo
hsk30-b4-0712,4,挑选,tiāoxuǎn,挑选,tiāoxuǎn
hsk30-b4-0713,4,调皮,tiáopí,调皮,tiáopí
hsk30-b4-0714,4,挑,tiǎo,挑,tiǎo
hsk30-b4-0715,4,挑战,tiǎozhàn,挑战,tiǎozhàn
hsk30-b4-0716,4,贴,tiē,贴,tiē
hsk30-b4-0717,4,停下,tíngxia,停下,tíngxia
hsk30-b4-0718,4,挺,tǐng,挺,tǐng
hsk30-b4-0719,4,通知书,tōngzhīshū,通知书,tōngzhīshū
hsk30-b4-0720,4,同情,tóngqíng,同情,tóngqíng
hsk30-b4-0721,4,童话,tónghuà,童话,tónghuà
hsk30-b4-0722,4,童年,tóngnián,童年,tóngnián
hsk30-b4-0723,4,统计,tǒngjì,统计,tǒngjì
hsk30-b4-0724,4,统一,tǒngyī,统一,tǒngyī
hsk30-b4-0725,4,痛快,tòngkuài,痛快,tòngkuài
hsk30-b4-0726,4,投,tóu,投,tóu
hsk30-b4-0727,4,投入,tóurù,投入,tóurù
hsk30-b4-0728,4,投诉,tóusù,投诉,tóusù
hsk30-b4-0729,4,投资,tóuzī,投资,tóuzī
hsk30-b4-0730,4,透,tòu,透,tòu
hsk30-b4-0731,4,透明,tòumíng,透明,tòumíng
hsk30-b4-0732,4,图案,tú'àn,图案,tú'àn
hsk30-b4-0733,4,途中,túzhōng,途中,túzhōng
hsk30-b4-0734,4,土地,tǔdì,土地,tǔdì
hsk30-b4-0735,4,推迟,tuīchí,推迟,tuīchí
hsk30-b4-0736,4,推销,tuīxiāo,推销,tuīxiāo
hsk30-b4-0737,4,脱,tuō,脱,tuō
hsk30-b4-0738,4,袜子,wàzi,袜子,wàzi
hsk30-b4-0739,4,外汇,wàihuì,外汇,wàihuì
hsk30-b4-0740,4,外交官,wàijiāoguān,外交官,wàijiāoguān
hsk30-b4-0741,4,外套,wàitào,外套,wàitào
hsk30-b4-0742,4,弯,wān,弯,wān
hsk30-b4-0743,4,晚点,wǎndiǎn,晚点,wǎndiǎn
hsk30-b4-0744,4,万一,wànyī,万一,wànyī
hsk30-b4-0745,4,王,wáng,王,wáng
hsk30-b4-0746,4,网络,wǎngluò,网络,wǎngluò
hsk30-b4-0747,4,网址,wǎngzhǐ,网址,wǎngzhǐ
hsk30-b4-0748,4,微笑,wēixiào,微笑,wēixiào
hsk30-b4-0749,4,微信,wēixìn,微信,wēixìn
hsk30-b4-0750,4,围巾,wéijīn,围巾,wéijīn
hsk30-b4-0751,4,维持,wéichí,维持,wéichí
hsk30-b4-0752,4,维护,wéihù,维护,wéihù
hsk30-b4-0753,4,维修,wéixiū,维修,wéixiū
hsk30-b4-0754,4,尾巴,wěiba,尾巴,wěiba
hsk30-b4-0755,4,未必,wèibì,未必,wèibì
hsk30-b4-0756,4,未来,wèilái,未来,wèilái
hsk30-b4-0757,4,位于,wèiyú,位于,wèiyú
hsk30-b4-0758,4,位置,wèizhì,位置,wèizhì
hsk30-b4-0759,4,味儿,wèir,味儿,wèir
hsk30-b4-0760,4,喂,wèi,喂,wèi
hsk30-b4-0761,4,稳,wěn,稳,wěn
hsk30-b4-0762,4,稳定,wěndìng,稳定,wěndìng
hsk30-b4-0763,4,问候,wènhòu,问候,wènhòu
hsk30-b4-0764,4,无,wú,无,wú
hsk30-b4-0765,4,无法,wúfǎ,无法,wúfǎ
hsk30-b4-0766,4,无聊,wúliáo,无聊,wúliáo
hsk30-b4-0767,4,无论,wúlùn,无论,wúlùn
hsk30-b4-0768,4,无数,wúshù,无数,wúshù
hsk30-b4-0769,4,无所谓,wúsuǒwèi,无所谓,wúsuǒwèi
hsk30-b4-0770,4,无限,wúxiàn,无限,wúxiàn
hsk30-b4-0771,4,五颜六色,wǔyán-liùsè,五颜六色,wǔyán-liùsè
hsk30-b4-0772,4,误会,wùhuì,误会,wùhuì
hsk30-b4-0773,4,西瓜,xīguā,西瓜,xīguā
hsk30-b4-0774,4,吸,xī,吸,xī
hsk30-b4-0775,4,吸管,xīguǎn,吸管,xīguǎn
hsk30-b4-0776,4,吸收,xīshōu,吸收,xīshōu
hsk30-b4-0777,4,吸烟,xīyān,吸烟,xīyān
hsk30-b4-0778,4,吸引,xīyǐn,吸引,xīyǐn
hsk30-b4-0779,4,喜爱,xǐ'ài,喜爱,xǐ'ài
hsk30-b4-0780,4,系列,xìliè,系列,xìliè
hsk30-b4-0781,4,系统,xìtǒng,系统,xìtǒng
hsk30-b4-0782,4,细,xì,细,xì
hsk30-b4-0783,4,细节,xìjié,细节,xìjié
hsk30-b4-0784,4,细致,xìzhì,细致,xìzhì
hsk30-b4-0785,4,下个月,xià ge yuè,下个月,xià ge yuè
hsk30-b4-0786,4,下降,xiàjiàng,下降,xiàjiàng
hsk30-b4-0787,4,下楼,xià lóu,下楼,xià lóu
hsk30-b4-0788,4,下载,xiàzài,下载,xiàzài
hsk30-b4-0789,4,夏季,xiàjì,夏季,xiàjì
hsk30-b4-0790,4,鲜,xiān,鲜,xiān
hsk30-b4-0791,4,鲜花,xiānhuā,鲜花,xiānhuā
hsk30-b4-0792,4,鲜明,xiānmíng,鲜明,xiānmíng
hsk30-b4-0793,4,咸,xián,咸,xián
hsk30-b4-0794,4,显著,xiǎnzhù,显著,xiǎnzhù
hsk30-b4-0795,4,县,xiàn,县,xiàn
hsk30-b4-0796,4,限制,xiànzhì,限制,xiànzhì
hsk30-b4-0797,4,相处,xiāngchǔ,相处,xiāngchǔ
hsk30-b4-0798,4,相反,xiāngfǎn,相反,xiāngfǎn
hsk30-b4-0799,4,箱,xiāng,箱,xiāng
hsk30-b4-0800,4,箱子,xiāngzi,箱子,xiāngzi
hsk30-b4-0801,4,想念,xiǎngniàn,想念,xiǎngniàn
hsk30-b4-0802,4,想象,xiǎngxiàng,想象,xiǎngxiàng
hsk30-b4-0803,4,项,xiàng,项,xiàng
hsk30-b4-0804,4,项目,xiàngmù,项目,xiàngmù
hsk30-b4-0805,4,相片,xiàngpiàn,相片,xiàngpiàn
hsk30-b4-0806,4,消化,xiāohuà,消化,xiāohuà
hsk30-b4-0807,4,销售,xiāoshòu,销售,xiāoshòu
hsk30-b4-0808,4,小吃,xiǎochī,小吃,xiǎochī
hsk30-b4-0809,4,小伙子,xiǎohuǒzi,小伙子,xiǎohuǒzi
hsk30-b4-0810,4,小型,xiǎoxíng,小型,xiǎoxíng
hsk30-b4-0811,4,效率,xiàolǜ,效率,xiàolǜ
hsk30-b4-0812,4,些,xiē,些,xiē
hsk30-b4-0813,4,心理,xīnlǐ,心理,xīnlǐ
hsk30-b4-0814,4,新郎,xīnláng,新郎,xīnláng
hsk30-b4-0815,4,新娘,xīnniáng,新娘,xīnniáng
hsk30-b4-0816,4,新鲜,xīnxiān,新鲜,xīnxiān
hsk30-b4-0817,4,新型,xīnxíng,新型,xīnxíng
hsk30-b4-0818,4,兴奋,xīngfèn,兴奋,xīngfèn
hsk30-b4-0819,4,形容,xíngróng,形容,xíngróng
hsk30-b4-0820,4,形势,xíngshì,形势,xíngshì
hsk30-b4-0821,4,型,xíng,型,xíng
hsk30-b4-0822,4,型号,xínghào,型号,xínghào
hsk30-b4-0823,4,醒,xǐng,醒,xǐng
hsk30-b4-0824,4,兴趣,xìngqù,兴趣,xìngqù
hsk30-b4-0825,4,性质,xìngzhì,性质,xìngzhì
hsk30-b4-0826,4,兄弟,xiōngdì,兄弟,xiōngdì
hsk30-b4-0827,4,胸部,xiōngbù,胸部,xiōngbù
hsk30-b4-0828,4,修理,xiūlǐ,修理,xiūlǐ
hsk30-b4-0829,4,选择,xuǎnzé,选择,xuǎnzé
hsk30-b4-0830,4,学分,xuéfēn,学分,xuéfēn
hsk30-b4-0831,4,学年,xuénián,学年,xuénián
hsk30-b4-0832,4,学时,xuéshí,学时,xuéshí
hsk30-b4-0833,4,学术,xuéshù,学术,xuéshù
hsk30-b4-0834,4,学问,xuéwen,学问,xuéwen
hsk30-b4-0835,4,寻找,xúnzhǎo,寻找,xúnzhǎo
hsk30-b4-0836,4,迅速,xùnsù,迅速,xùnsù
hsk30-b4-0837,4,牙,yá,牙,yá
hsk30-b4-0838,4,牙刷,yáshuā,牙刷,yáshuā
hsk30-b4-0839,4,亚运会,Yàyùnhuì,亚运会,Yàyùnhuì
hsk30-b4-0840,4,呀,ya,呀,ya
hsk30-b4-0841,4,延长,yáncháng,延长,yáncháng
hsk30-b4-0842,4,延期,yánqī,延期,yánqī
hsk30-b4-0843,4,延续,yánxù,延续,yánxù
hsk30-b4-0844,4,严,yán,严,yán
hsk30-b4-0845,4,严格,yángé,严格,yángé
hsk30-b4-0846,4,严重,yánzhòng,严重,yánzhòng
hsk30-b4-0847,4,研究,yánjiū,研究,yánjiū
hsk30-b4-0848,4,研究生,yánjiūshēng,研究生,yánjiūshēng
hsk30-b4-0849,4,研制,yánzhì,研制,yánzhì
hsk30-b4-0850,4,盐,yán,盐,yán
hsk30-b4-0851,4,眼镜,yǎnjìng,眼镜,yǎnjìng
hsk30-b4-0852,4,眼泪,yǎnlèi,眼泪,yǎnlèi
hsk30-b4-0853,4,眼里,yǎnli,眼里,yǎnli
hsk30-b4-0854,4,演讲,yǎnjiǎng,演讲,yǎnjiǎng
hsk30-b4-0855,4,阳台,yángtái,阳台,yángtái
hsk30-b4-0856,4,养成,yǎngchéng,养成,yǎngchéng
hsk30-b4-0857,4,腰,yāo,腰,yāo
hsk30-b4-0858,4,摇,yáo,摇,yáo
hsk30-b4-0859,4,药物,yàowù,药物,yàowù
hsk30-b4-0860,4,要,yào,要,yào
hsk30-b4-0861,4,业余,yèyú,业余,yèyú
hsk30-b4-0862,4,叶子,yèzi,叶子,yèzi
hsk30-b4-0863,4,医疗,yīliáo,医疗,yīliáo
hsk30-b4-0864,4,医学,yīxué,医学,yīxué
hsk30-b4-0865,4,依靠,yīkào,依靠,yīkào
hsk30-b4-0866,4,依然,yīrán,依然,yīrán
hsk30-b4-0867,4,一律,yīlǜ,一律,yīlǜ
hsk30-b4-0868,4,一再,yīzài,一再,yīzài
hsk30-b4-0869,4,一致,yīzhì,一致,yīzhì
hsk30-b4-0870,4,移,yí,移,yí
hsk30-b4-0871,4,移动,yídòng,移动,yídòng
hsk30-b4-0872,4,移民,yímín,移民,yímín
hsk30-b4-0873,4,遗产,yíchǎn,遗产,yíchǎn
hsk30-b4-0874,4,遗传,yíchuán,遗传,yíchuán
hsk30-b4-0875,4,疑问,yíwèn,疑问,yíwèn
hsk30-b4-0876,4,以及,yǐjí,以及,yǐjí
hsk30-b4-0877,4,以内,yǐnèi,以内,yǐnèi
hsk30-b4-0878,4,一般来说,yībānláishuō,一般来说,yībānláishuō
hsk30-b4-0879,4,义务,yìwù,义务,yìwù
hsk30-b4-0880,4,议论,yìlùn,议论,yìlùn
hsk30-b4-0881,4,引,yǐn,引,yǐn
hsk30-b4-0882,4,引导,yǐndǎo,引导,yǐndǎo
hsk30-b4-0883,4,引进,yǐnjìn,引进,yǐnjìn
hsk30-b4-0884,4,引起,yǐnqǐ,引起,yǐnqǐ
hsk30-b4-0885,4,应,yīng,应,yīng
hsk30-b4-0886,4,英勇,yīngyǒng,英勇,yīngyǒng
hsk30-b4-0887,4,营业,yíngyè,营业,yíngyè
hsk30-b4-0888,4,赢得,yíngdé,赢得,yíngdé
hsk30-b4-0889,4,影子,yǐngzi,影子,yǐngzi
hsk30-b4-0890,4,勇敢,yǒnggǎn,勇敢,yǒnggǎn
hsk30-b4-0891,4,勇气,yǒngqì,勇气,yǒngqì
hsk30-b4-0892,4,用途,yòngtú,用途,yòngtú
hsk30-b4-0893,4,优良,yōuliáng,优良,yōuliáng
hsk30-b4-0894,4,优美,yōuměi,优美,yōuměi
hsk30-b4-0895,4,优秀,yōuxiù,优秀,yōuxiù
hsk30-b4-0896,4,邮局,yóujú,邮局,yóujú
hsk30-b4-0897,4,有劲儿,yǒujìnr,有劲儿,yǒujìnr
hsk30-b4-0898,4,有趣,yǒuqù,有趣,yǒuqù
hsk30-b4-0899,4,有限,yǒuxiàn,有限,yǒuxiàn
hsk30-b4-0900,4,幼儿园,yòu'éryuán,幼儿园,yòu'éryuán
hsk30-b4-0901,4,于是,yúshì,于是,yúshì
hsk30-b4-0902,4,语法,yǔfǎ,语法,yǔfǎ
hsk30-b4-0903,4,语音,yǔyīn,语音,yǔyīn
hsk30-b4-0904,4,玉,yù,玉,yù
hsk30-b4-0905,4,玉米,yùmǐ,玉米,yùmǐ
hsk30-b4-0906,4,预测,yùcè,预测,yùcè
hsk30-b4-0907,4,预订,yùdìng,预订,yùdìng
hsk30-b4-0908,4,遇,yù,遇,yù
hsk30-b4-0909,4,遇到,yùdào,遇到,yùdào
hsk30-b4-0910,4,遇见,yùjiàn,遇见,yùjiàn
hsk30-b4-0911,4,原料,yuánliào,原料,yuánliào
hsk30-b4-0912,4,原则,yuánzé,原则,yuánzé
hsk30-b4-0913,4,圆,yuán,圆,yuán
hsk30-b4-0914,4,圆满,yuánmǎn,圆满,yuánmǎn
hsk30-b4-0915,4,约会,yuēhuì,约会,yuēhuì
hsk30-b4-0916,4,月底,yuèdǐ,月底,yuèdǐ
hsk30-b4-0917,4,阅读,yuèdú,阅读,yuèdú
hsk30-b4-0918,4,运动会,yùndònghuì,运动会,yùndònghuì
hsk30-b4-0919,4,运动员,yùndòngyuán,运动员,yùndòngyuán
hsk30-b4-0920,4,运气,yùnqi,运气,yùnqi
hsk30-b4-0921,4,运用,yùnyòng,运用,yùnyòng
hsk30-b4-0922,4,再三,zàisān,再三,zàisān
hsk30-b4-0923,4,在乎,zàihu,在乎,zàihu
hsk30-b4-0924,4,在于,zàiyú,在于,zàiyú
hsk30-b4-0925,4,赞成,zànchéng,赞成,zànchéng
hsk30-b4-0926,4,赞赏,zànshǎng,赞赏,zànshǎng
hsk30-b4-0927,4,赞助,zànzhù,赞助,zànzhù
hsk30-b4-0928,4,造型,zàoxíng,造型,zàoxíng
hsk30-b4-0929,4,战斗,zhàndòu,战斗,zhàndòu
hsk30-b4-0930,4,战胜,zhànshèng,战胜,zhànshèng
hsk30-b4-0931,4,战士,zhànshì,战士,zhànshì
hsk30-b4-0932,4,战争,zhànzhēng,战争,zhànzhēng
hsk30-b4-0933,4,丈夫,zhàngfu,丈夫,zhàngfu
hsk30-b4-0934,4,招呼,zhāohu,招呼,zhāohu
hsk30-b4-0935,4,着,zháo,着,zháo
hsk30-b4-0936,4,着火,zháohuǒ,着火,zháohuǒ
hsk30-b4-0937,4,着急,zháojí,着急,zháojí
hsk30-b4-0938,4,召开,zhàokāi,召开,zhàokāi
hsk30-b4-0939,4,折,zhé,折,zhé
hsk30-b4-0940,4,针,zhēn,针,zhēn
hsk30-b4-0941,4,针对,zhēnduì,针对,zhēnduì
hsk30-b4-0942,4,阵,zhèn,阵,zhèn
hsk30-b4-0943,4,争论,zhēnglùn,争论,zhēnglùn
hsk30-b4-0944,4,征服,zhēngfú,征服,zhēngfú
hsk30-b4-0945,4,征求,zhēngqiú,征求,zhēngqiú
hsk30-b4-0946,4,政府,zhèngfǔ,政府,zhèngfǔ
hsk30-b4-0947,4,政治,zhèngzhì,政治,zhèngzhì
hsk30-b4-0948,4,之后,zhīhòu,之后,zhīhòu
hsk30-b4-0949,4,之间,zhījiān,之间,zhījiān
hsk30-b4-0950,4,之前,zhīqián,之前,zhīqián
hsk30-b4-0951,4,之一,zhīyī,之一,zhīyī
hsk30-b4-0952,4,支,zhī,支,zhī
hsk30-b4-0953,4,植物,zhíwù,植物,zhíwù
hsk30-b4-0954,4,指挥,zhǐhuī,指挥,zhǐhuī
hsk30-b4-0955,4,制订,zhìdìng,制订,zhìdìng
hsk30-b4-0956,4,质量,zhìliàng,质量,zhìliàng
hsk30-b4-0957,4,治,zhì,治,zhì
hsk30-b4-0958,4,治疗,zhìliáo,治疗,zhìliáo
hsk30-b4-0959,4,智力,zhìlì,智力,zhìlì
hsk30-b4-0960,4,智能,zhìnéng,智能,zhìnéng
hsk30-b4-0961,4,中介,zhōngjiè,中介,zhōngjiè
hsk30-b4-0962,4,种类,zhǒnglèi,种类,zhǒnglèi
hsk30-b4-0963,4,中奖,zhòngjiǎng,中奖,zhòngjiǎng
hsk30-b4-0964,4,种,zhòng,种,zhòng
hsk30-b4-0965,4,种植,zhòngzhí,种植,zhòngzhí
hsk30-b4-0966,4,重量,zhòngliàng,重量,zhòngliàng
hsk30-b4-0967,4,逐步,zhúbù,逐步,zhúbù
hsk30-b4-0968,4,逐渐,zhújiàn,逐渐,zhújiàn
hsk30-b4-0969,4,主题,zhǔtí,主题,zhǔtí
hsk30-b4-0970,4,主席,zhǔxí,主席,zhǔxí
hsk30-b4-0971,4,祝福,zhùfú,祝福,zhùfú
hsk30-b4-0972,4,著名,zhùmíng,著名,zhùmíng
hsk30-b4-0973,4,著作,zhùzuò,著作,zhùzuò
hsk30-b4-0974,4,抓紧,zhuājǐn,抓紧,zhuājǐn
hsk30-b4-0975,4,专心,zhuānxīn,专心,zhuānxīn
hsk30-b4-0976,4,转动,zhuǎndòng,转动,zhuǎndòng
hsk30-b4-0977,4,转告,zhuǎngào,转告,zhuǎngào
hsk30-b4-0978,4,转身,zhuǎnshēn,转身,zhuǎnshēn
hsk30-b4-0979,4,转弯,zhuǎnwān,转弯,zhuǎnwān
hsk30-b4-0980,4,转移,zhuǎnyí,转移,zhuǎnyí
hsk30-b4-0981,4,装修,zhuāngxiū,装修,zhuāngxiū
hsk30-b4-0982,4,装置,zhuāngzhì,装置,zhuāngzhì
hsk30-b4-0983,4,追求,zhuīqiú,追求,zhuīqiú
hsk30-b4-0984,4,准时,zhǔnshí,准时,zhǔnshí
hsk30-b4-0985,4,资料,zīliào,资料,zīliào
hsk30-b4-0986,4,资源,zīyuán,资源,zīyuán
hsk30-b4-0987,4,自,zì,自,zì
hsk30-b4-0988,4,自信,zìxìn,自信,zìxìn
hsk30-b4-0989,4,字母,zìmǔ,字母,zìmǔ
hsk30-b4-0990,4,综合,zōnghé,综合,zōnghé
hsk30-b4-0991,4,总共,zǒnggòng,总共,zǒnggòng
hsk30-b4-0992,4,总理,zǒnglǐ,总理,zǒnglǐ
hsk30-b4-0993,4,总统,zǒngtǒng,总统,zǒngtǒng
hsk30-b4-0994,4,总之,zǒngzhī,总之,zǒngzhī
hsk30-b4-0995,4,阻止,zǔzhǐ,阻止,zǔzhǐ
hsk30-b4-0996,4,嘴巴,zuǐba,嘴巴,zuǐba
hsk30-b4-0997,4,最初,zuìchū,最初,zuìchū
hsk30-b4-0998,4,作出,zuòchū,作出,zuòchū
hsk30-b4-0999,4,作为,zuòwéi,作为,zuòwéi
hsk30-b4-1000,4,做梦,zuòmèng,做梦,zuòmèng
